cohort_month,payback_time
2019-11,14.333333333333334
2019-12,24.685567010309278
2020-01,28.329896907216494
2020-02,35.513513513513516
2020-03,29.467741935483872
2020-04,24.81132075471698
2020-05,30.71186440677966
2020-06,34.7
2020-07,33.42115027829313
2020-08,20.825342465753426
2020-09,18.186746987951807
2020-10,13.401459854014599
2020-11,14.793103448275861
