cohort_month,average_usage_per_user
2019-11,1.0
2019-12,1.1219512195121952
2020-01,1.1069182389937107
2020-02,1.0680272108843538
2020-03,1.1311475409836065
2020-04,1.132791327913279
2020-05,1.1430817610062893
2020-06,1.2267029972752044
2020-07,1.3064516129032258
2020-08,1.2961409395973154
2020-09,1.144146855251279
2020-10,1.0726831357989433
2020-11,1.0
